nomVille,pc
Saint-Nazaire,44600
Carquefou,44470
Pornichet,44380
Le Croisic,44490
Le Bignon,44140
La Planche,44140
Brains,44830
Bouguenais,44340
Grandchamps-des-Fontaines,44119
Gétigné,44190
Gorges,44190
Boussay,44190
Legé,44650
Saint-Lumine-de-Clisson,44190
Barbechat,44450
Saint-Julien-de-Concelles,44450
Couëron,44220
Saint-Même-le-Tenu,44270
Machecoul,44270
Cordemais,44360
Vigneux-de-Bretagne,44360
Saint-Étienne-de-Montluc,44360
La Chevrolière,44118
Saint-Lumine-de-Coutais,44310
Mouzillon,44330
Saint-Molf,44350
Piriac-sur-Mer,44420
Saint-André-des-Eaux,44117
Saint-Lyphard,44410
Herbignac,44410
Les Moutiers-en-Retz,44760
Chauvé,44320
Besné,44160
Sainte-Anne-sur-Brivet,44160
Saint-Joachim,44720
Saint-Viaud,44320
Sévérac,44530
Guenrouet,44530
Missillac,44780
Saint-Gildas-des-Bois,44530
Bouée,44260
Prinquiau,44260
Mésanger,44522
Pouillé-les-Coteaux,44522
Saint-Géréon,44150
Saint-Herblon,44150
Le Cellier,44850
Couffé,44521
Le Pin,44540
Maumusson,44540
Ruffigné,44660
Le Fresne-sur-Loire,49123
Montrelais,44370
La Rouxière,44370
Saint-Aubin-des-Châteaux,44110
Massérac,44290
Notre-Dame-des-Landes,44130
Conquereuil,44290
Louisfert,44110
Saint-Julien-de-Vouvantes,44670
Issé,44520
Moisdon-la-Rivière,44520
Héric,44810
Petit-Mars,44390
Casson,44390
La Chevallerais,44810
Saffré,44390
Treffieux,44170
Fercé,44660
Noyal-sur-Brutz,44110
Soulvache,44660
Rougé,44660
Indre,"44610 (Basse-Indre and Haut-indre), 44620 (Indret)"
Orvault,44700
Ancenis,44150
Châteaubriant,44110
Clisson,44190
Aigrefeuille-sur-Maine,44140
Geneston,44140
Montbert,44140
Vieillevigne,44116
Saint-Aignan-Grandlieu,44860
Saint-Léger-les-Vignes,44710
Sucé-sur-Erdre,44240
Treillières,44119
Touvois,44650
La Remaudière,44430
Le Loroux-Bottereau,44430
Sautron,44880
La Marne,44270
La Regrippière,44330
Saint-Jean-de-Boiseau,44640
Vue,44640
Haute-Goulaine,44115
Saint-Fiacre-sur-Maine,44690
Mesquer,44420
Assérac,44410
Trignac,44570
Montoir-de-Bretagne,44550
Frossay,44320
Saint-Père-en-Retz,44320
Crossac,44160
Pontchâteau,44160
Drefféac,44530
Préfailles,44770
Saint-Michel-Chef-Chef,44730
Corsept,44560
Campbon,44750
Lavau-sur-Loire,44260
Malville,44260
Savenay,44260
La Roche-Blanche,44522
Mouzeil,44850
Teillé,44440
Belligné,44370
La Chapelle-Saint-Sauveur,44370
Varades,44370
Saint-Nicolas-de-Redon,44460
Avessac,44460
Fay-de-Bretagne,44130
Blain,44130
Pierric,44290
Lusanger,44590
Saint-Vincent-des-Landes,44590
Saint-Mars-du-Désert,44850
Abbaretz,44170
Vay,44170
La Baule-Escoublac,44500
Sainte-Luce-sur-Loire,44980
Thouaré-sur-Loire,44470
Pont-Saint-Martin,44860
La Chapelle-sur-Erdre,44240
Saint-Hilaire-de-Clisson,44190
Monnières,44690
Corcoué-sur-Logne,44650
La Chapelle-Basse-Mer,44450
Le Landreau,44430
Paulx,44270
La Chapelle-Heulin,44330
Basse-Goulaine,44115
Le Pellerin,44640
Château-Thébaud,44690
La Turballe,44420
Batz-sur-Mer,44740
Saint-Hilaire-de-Chaléons,44680
Chéméré,44680
Bourgneuf-en-Retz,44580
Saint-Malo-de-Guersac,44550
La Plaine-sur-Mer,44770
Paimbœuf,44560
La Chapelle-Launay,44260
Quilly,44750
Ligné,44850
Anetz,44150
Oudon,44521
Joué-sur-Erdre,44440
Trans-sur-Erdre,44440
Saint-Mars-la-Jaille,44540
Riaillé,44440
Bonnœuvre,44540
Saint-Sulpice-des-Landes,44540
Vritz,44540
Plessé,44630
Bouvron,44130
Petit-Auverné,44670
La Meilleraye-de-Bretagne,44520
Jans,44170
Sion-les-Mines,44590
Les Touches,44390
Nozay,44170
Nantes,"44000, 44100, 44200 and 44300"
Saint-Sébastien-sur-Loire,44230
Saint-Herblain,44800
Vertou,44120
Maisdon-sur-Sèvre,44690
Remouillé,44140
Mauves-sur-Loire,44470
Bouaye,44830
La Boissière-du-Doré,44430
Les Sorinières,44840
Saint-Étienne-de-Mer-Morte,44270
Saint-Mars-de-Coutais,44680
Le Temple-de-Bretagne,44360
La Limouzinière,44310
Saint-Colomban,44310
Saint-Philbert-de-Grand-Lieu,44310
Vallet,44330
La Montagne,44620
Cheix-en-Retz,44640
Port-Saint-Père,44710
Rouans,44640
Sainte-Pazanne,44680
La Haie-Fouassière,44690
Le Pouliguen,44510
La Chapelle-des-Marais,44410
Fresnay-en-Retz,44580
La Bernerie-en-Retz,44760
Donges,44480
Sainte-Reine-de-Bretagne,44160
Pornic,44210
Arthon-en-Retz,44320
Saint-Brevin-les-Pins,44250
Pannecé,44440
Soudan,44110
Fégréac,44460
Marsac-sur-Don,44170
Le Gâvre,44130
Guémené-Penfao,44290
La Chapelle-Glain,44670
Erbray,44110
Juigné-des-Moutiers,44670
Grand-Auverné,44520
Derval,44590
Nort-sur-Erdre,44390
Mouais,44590
La Grigonnais,44170
Puceul,44390
